Series Name,Series Code,Country Name,Country Code,2004 [YR2004],2005 [YR2005],2007 [YR2007],2008 [YR2008],2009 [YR2009],2010 [YR2010],2011 [YR2011],2012 [YR2012],2013 [YR2013],2014 [YR2014]
Electric power consumption (kWh per capita),EG.USE.ELEC.KH.PC,Afghanistan,AFG,..,..,..,..,..,..,..,..,..,..
Electric power consumption (kWh per capita),EG.USE.ELEC.KH.PC,Albania,ALB,1797.52548696885,1722.07284972507,1213.12436932179,1617.7441562046,1835.68407241763,1943.34335385842,2205.70392004668,2118.32777605579,2533.25282927106,2309.36650255581
Electric power consumption (kWh per capita),EG.USE.ELEC.KH.PC,Algeria,DZA,808.608108240291,895.842391939239,899.104153278558,951.703450824644,869.700188120611,1020.07053479853,1126.95701820467,1242.0638947404,1283.61043315444,1368.62151887474
Electric power consumption (kWh per capita),EG.USE.ELEC.KH.PC,American Samoa,ASM,..,..,..,..,..,..,..,..,..,..
Electric power consumption (kWh per capita),EG.USE.ELEC.KH.PC,Andorra,AND,..,..,..,..,..,..,..,..,..,..
Electric power consumption (kWh per capita),EG.USE.ELEC.KH.PC,Angola,AGO,87.4747784163176,109.197700740616,133.239698887845,172.417592458473,189.313209352508,206.38425864202,206.685232612193,218.55392179827,278.808254957872,310.081668478241
Electric power consumption (kWh per capita),EG.USE.ELEC.KH.PC,Antigua and Barbuda,ATG,..,..,..,..,..,..,..,..,..,..
Electric power consumption (kWh per capita),EG.USE.ELEC.KH.PC,Argentina,ARG,2282.82256318506,2397.48653338231,2443.84413515149,2759.51327028767,2716.59821526407,2877.65265331343,2929.07502855568,3000.60352326565,2967.37655805218,3074.70207056563
Electric power consumption (kWh per capita),EG.USE.ELEC.KH.PC,Armenia,ARM,1409.77152372425,1488.55720870583,1730.7988668593,1626.99129623342,1618.59679330269,1685.84726637846,1774.68166348922,1872.41307964772,1928.7340356416,1976.86449152748
Electric power consumption (kWh per capita),EG.USE.ELEC.KH.PC,Aruba,ABW,..,..,..,..,..,..,..,..,..,..
Electric power consumption (kWh per capita),EG.USE.ELEC.KH.PC,Australia,AUS,10657.9021169311,10571.4253428336,10972.8801492556,10749.1110606099,10791.6164803116,10726.9281831902,10627.2938650379,10407.7403070759,10220.8873013463,10071.3989785006
Electric power consumption (kWh per capita),EG.USE.ELEC.KH.PC,Austria,AUT,7808.15779213961,7977.68159741774,8207.47473897554,8233.01483290985,7944.79609623168,8382.71115445338,8425.16775320399,8548.88219928111,8509.61158033605,8355.84195182134
Electric power consumption (kWh per capita),EG.USE.ELEC.KH.PC,Azerbaijan,AZE,2281.94787214832,2388.38873430769,2118.21052754245,2040.76043544743,1620.3874199013,1603.43137406492,1705.4246326371,2052.65096521176,2092.53652062946,2202.39391828846
Electric power consumption (kWh per capita),EG.USE.ELEC.KH.PC,"Bahamas, The",BHS,..,..,..,..,..,..,..,..,..,..
Electric power consumption (kWh per capita),EG.USE.ELEC.KH.PC,Bahrain,BHR,18900.9311885162,21024.0142983698,20501.0513852529,18562.7324169198,17542.8779273104,18442.7901074861,18889.0639786086,18942.167732434,19483.653846916,19969.7361215558
Electric power consumption (kWh per capita),EG.USE.ELEC.KH.PC,Bangladesh,BGD,163.160493329027,173.731814878997,203.994931617816,205.932668001262,224.84300490209,245.904170868316,263.981989868186,281.443995942183,299.480350400775,317.24536995553
Electric power consumption (kWh per capita),EG.USE.ELEC.KH.PC,Barbados,BRB,..,..,..,..,..,..,..,..,..,..
Electric power consumption (kWh per capita),EG.USE.ELEC.KH.PC,Belarus,BLR,3174.05309231742,3245.37208781327,3393.90853610514,3481.74351659874,3299.4609021774,3566.17301269233,3632.87856030924,3704.30904061423,3657.12467930665,3690.1036829597
Electric power consumption (kWh per capita),EG.USE.ELEC.KH.PC,Belgium,BEL,8576.22349653402,8509.99707308703,8614.67950346801,8521.49673953426,7903.95547887634,8393.94962326946,8028.79873139472,7988.52464388906,7989.67185263518,7709.12307788247
Electric power consumption (kWh per capita),EG.USE.ELEC.KH.PC,Belize,BLZ,..,..,..,..,..,..,..,..,..,..
Electric power consumption (kWh per capita),EG.USE.ELEC.KH.PC,Benin,BEN,69.0349321823627,72.2750910218262,77.9392492461344,84.3207336150836,85.6907931675002,92.9522502808153,89.0362087436436,90.4726326277866,93.9009945939025,97.1281349024065
Electric power consumption (kWh per capita),EG.USE.ELEC.KH.PC,Bermuda,BMU,..,..,..,..,..,..,..,..,..,..
Electric power consumption (kWh per capita),EG.USE.ELEC.KH.PC,Bhutan,BTN,..,..,..,..,..,..,..,..,..,..
Electric power consumption (kWh per capita),EG.USE.ELEC.KH.PC,Bolivia,BOL,439.982339944353,469.213815190328,530.215158819469,519.300815244591,537.541498293209,586.30946849687,617.915351368177,642.591741276973,682.934157682116,728.222906191974
Electric power consumption (kWh per capita),EG.USE.ELEC.KH.PC,Bosnia and Herzegovina,BIH,2109.65371748019,2197.69108103296,2236.84565091335,2843.23749705837,2785.89388176133,3068.15271649461,3270.51445015979,3413.37054965009,3402.29419893359,3360.89931639498
Electric power consumption (kWh per capita),EG.USE.ELEC.KH.PC,Botswana,BWA,1405.53013982685,1392.11234954224,1463.66734333955,1472.11206982444,1658.86040828757,1483.02977916147,1419.84417327347,1646.57480722158,1978.10107708641,1677.5970015608
Electric power consumption (kWh per capita),EG.USE.ELEC.KH.PC,Brazil,BRA,1948.58174018788,2008.56721006521,2160.23263259907,2222.41579209327,2189.997777527,2366.38012019669,2422.57622111654,2492.83786417253,2560.09555974195,2610.99928167575
Electric power consumption (kWh per capita),EG.USE.ELEC.KH.PC,British Virgin Islands,VGB,..,..,..,..,..,..,..,..,..,..
Electric power consumption (kWh per capita),EG.USE.ELEC.KH.PC,Brunei Darussalam,BRN,8572.35595529059,8426.11605134204,8528.0978381404,8474.44405150715,8695.62989513491,8645.30757247136,8612.57366016946,9067.12178519258,9698.76269729076,10121.0590991129
Electric power consumption (kWh per capita),EG.USE.ELEC.KH.PC,Bulgaria,BGR,3971.82273619063,4165.18039235553,4523.32287831241,4674.5031505249,4483.7471386375,4560.41491703377,4863.69144110061,4761.9125833848,4639.70632261155,4708.92745757231
Electric power consumption (kWh per capita),EG.USE.ELEC.KH.PC,Burkina Faso,BFA,..,..,..,..,..,..,..,..,..,..
Electric power consumption (kWh per capita),EG.USE.ELEC.KH.PC,Burundi,BDI,..,..,..,..,..,..,..,..,..,..
Electric power consumption (kWh per capita),EG.USE.ELEC.KH.PC,Cabo Verde,CPV,..,..,..,..,..,..,..,..,..,..
Electric power consumption (kWh per capita),EG.USE.ELEC.KH.PC,Cambodia,KHM,55.9295674654633,66.8851733311149,100.329636813277,114.100170626729,127.368827062379,143.766867369391,164.746737057415,207.146451120741,221.938023623566,272.503442780227
Electric power consumption (kWh per capita),EG.USE.ELEC.KH.PC,Cameroon,CMR,197.508454640904,191.37292476005,260.411729956816,273.897737353319,271.387009677486,267.581767132326,262.068232317742,252.749482662317,257.386336058356,279.915523091573
Electric power consumption (kWh per capita),EG.USE.ELEC.KH.PC,Canada,CAN,17264.7367438144,16948.2752209397,16683.1336593286,16377.4796961349,15450.7306885938,15269.745476893,15644.54027755,15336.6248565213,15750.8116334788,15588.4871464315
Electric power consumption (kWh per capita),EG.USE.ELEC.KH.PC,Cayman Islands,CYM,..,..,..,..,..,..,..,..,..,..
Electric power consumption (kWh per capita),EG.USE.ELEC.KH.PC,Central African Republic,CAF,..,..,..,..,..,..,..,..,..,..
Electric power consumption (kWh per capita),EG.USE.ELEC.KH.PC,Chad,TCD,..,..,..,..,..,..,..,..,..,..
Electric power consumption (kWh per capita),EG.USE.ELEC.KH.PC,Channel Islands,CHI,..,..,..,..,..,..,..,..,..,..
Electric power consumption (kWh per capita),EG.USE.ELEC.KH.PC,Chile,CHL,3063.87215455445,3097.06564529115,3346.48072709117,3347.66540895391,3306.86875955947,3318.30524785638,3596.10664594956,3820.37105668158,3893.50611153389,3895.43615609742
Electric power consumption (kWh per capita),EG.USE.ELEC.KH.PC,China,CHN,1585.83878247787,1782.31215291627,2325.92676902765,2446.36905458402,2612.45662004417,2943.58995443689,3295.78486805176,3466.01953935563,3757.18508846571,3905.31759800563
Electric power consumption (kWh per capita),EG.USE.ELEC.KH.PC,Colombia,COL,921.55092739991,918.406837933973,998.416360820164,998.372418336941,1076.09534945873,1104.49126907673,1148.56024199573,1177.56998281677,1317.96557501601,1320.34513000325
Electric power consumption (kWh per capita),EG.USE.ELEC.KH.PC,Comoros,COM,..,..,..,..,..,..,..,..,..,..
Electric power consumption (kWh per capita),EG.USE.ELEC.KH.PC,"Congo, Dem. Rep.",COD,85.3771445055785,86.6662881242588,102.041117594393,98.2173029393672,103.764990299086,101.775449137828,105.033526757091,109.059609816464,113.680882285618,105.279648787618
Electric power consumption (kWh per capita),EG.USE.ELEC.KH.PC,"Congo, Rep.",COG,104.430919229176,115.714301661467,122.841148953992,132.775756662873,140.936712369311,134.974235468976,141.572735665161,205.37814933495,204.015438065677,194.343177694985
Electric power consumption (kWh per capita),EG.USE.ELEC.KH.PC,Costa Rica,CRI,1668.54778028593,1709.03455071924,1870.48749115713,1872.75609678624,1827.91318321844,1869.65141666876,1866.48250421054,1922.90112323351,1919.84405832369,1922.88319769593
Electric power consumption (kWh per capita),EG.USE.ELEC.KH.PC,Cote d'Ivoire,CIV,168.024604927834,166.102492776176,180.999813298213,189.484040785699,194.50847727138,209.043144895261,192.042689591954,229.842632987066,229.201948189856,270.574030502852
Electric power consumption (kWh per capita),EG.USE.ELEC.KH.PC,Croatia,HRV,3429.35464386935,3582.24607292794,3846.67407696643,3990.29631958568,3818.42250070322,3922.31086688238,3900.60136120405,3819.28025348455,3754.26869773614,3714.38298844207
Electric power consumption (kWh per capita),EG.USE.ELEC.KH.PC,Cuba,CUB,1177.96469295147,1156.66620487752,1300.27923083878,1318.7475064534,1328.08245189634,1295.70059281247,1325.19553117126,1372.85364510062,1430.63083338464,1447.66699264545
Electric power consumption (kWh per capita),EG.USE.ELEC.KH.PC,Curacao,CUW,7571.24120662931,7613.07007220794,7323.54084522686,7149.71209213052,7423.39937207576,7471.26823265166,7379.11967698948,5062.85834516859,4934.27468112494,4797.67043595944
Electric power consumption (kWh per capita),EG.USE.ELEC.KH.PC,Cyprus,CYP,3914.85485194624,4062.43792560136,4335.70822620552,4509.37851866092,4523.95825644885,4516.29921942912,4164.75269106425,3960.03306368217,3516.80594497878,3548.86809204797
Electric power consumption (kWh per capita),EG.USE.ELEC.KH.PC,Czechia,CZE,6230.3982278885,6357.42109460812,6518.21741269978,6489.12625740243,6139.35206037264,6348.42439812839,6298.72767835026,6304.57192302954,6284.79080624888,6258.89103703659
Electric power consumption (kWh per capita),EG.USE.ELEC.KH.PC,Denmark,DNK,6615.56995871791,6659.00042661297,6668.39026644631,6534.12385018916,6219.70109150757,6327.50645629896,6165.97361994424,6038.55230693622,6039.43200024506,5858.80153628748
Electric power consumption (kWh per capita),EG.USE.ELEC.KH.PC,Djibouti,DJI,..,..,..,..,..,..,..,..,..,..
Electric power consumption (kWh per capita),EG.USE.ELEC.KH.PC,Dominica,DMA,..,..,..,..,..,..,..,..,..,..
Electric power consumption (kWh per capita),EG.USE.ELEC.KH.PC,Dominican Republic,DOM,1119.96657793261,1225.56293841808,1349.89597122207,1368.48379304392,1315.91207808491,1383.32026528897,1415.0214207021,1484.41582704293,1535.09123858884,1597.14222219845
Electric power consumption (kWh per capita),EG.USE.ELEC.KH.PC,Ecuador,ECU,827.583068068615,797.74803391602,955.806743482506,1080.30760174127,1107.32273713087,1139.59125619555,1212.51672165299,1276.23025826274,1328.05537165993,1375.86215410283
Electric power consumption (kWh per capita),EG.USE.ELEC.KH.PC,"Egypt, Arab Rep.",EGY,1138.83173446053,1205.28139567205,1355.49364618815,1396.74760682486,1458.75377644423,1494.91567642949,1597.54387592635,1596.46426709158,1595.17418952174,1592.21989414129
Electric power consumption (kWh per capita),EG.USE.ELEC.KH.PC,El Salvador,SLV,688.740492953954,757.22732239152,891.112386544898,864.685958485516,855.333967692345,866.858116915935,891.101353369346,927.078733037843,971.443222869995,949.991996168468
Electric power consumption (kWh per capita),EG.USE.ELEC.KH.PC,Equatorial Guinea,GNQ,..,..,..,..,..,..,..,..,..,..
Electric power consumption (kWh per capita),EG.USE.ELEC.KH.PC,Eritrea,ERI,85.0481698357666,85.4600647236391,83.7272501100415,80.5115745369171,84.3091577904256,86.4115598334925,89.4758337308305,92.8489120690058,94.6496552113281,96.2862107614885
Electric power consumption (kWh per capita),EG.USE.ELEC.KH.PC,Estonia,EST,5429.52552199919,5531.54582864313,6277.41146283975,6364.56783013858,5975.95381093506,6506.31818096472,6314.41444766954,6689.36777611787,6664.65856902557,6732.36747315611
Electric power consumption (kWh per capita),EG.USE.ELEC.KH.PC,Eswatini,SWZ,..,..,..,..,..,..,..,..,..,..
Electric power consumption (kWh per capita),EG.USE.ELEC.KH.PC,Ethiopia,ETH,30.3448720605746,33.0450752898479,38.9286403995503,40.2929901399532,41.4152011078019,47.4350603322308,51.5912311635781,56.1665231005869,62.934952884175,68.0523316415091
Electric power consumption (kWh per capita),EG.USE.ELEC.KH.PC,Faroe Islands,FRO,..,..,..,..,..,..,..,..,..,..
Electric power consumption (kWh per capita),EG.USE.ELEC.KH.PC,Fiji,FJI,..,..,..,..,..,..,..,..,..,..
Electric power consumption (kWh per capita),EG.USE.ELEC.KH.PC,Finland,FIN,16777.5658490195,16117.8903321632,17160.8631199988,16349.2333250336,15243.1103879453,16484.0942753711,15710.9737593054,15689.2233076239,15510.8355034738,15249.9893802302
Electric power consumption (kWh per capita),EG.USE.ELEC.KH.PC,France,FRA,7660.09720024008,7651.76896802016,7512.93267784971,7642.8910133406,7337.60701967903,7734.36187516411,7232.70816097633,7363.15118095271,7367.44145343202,6939.94352490927
Electric power consumption (kWh per capita),EG.USE.ELEC.KH.PC,French Polynesia,PYF,..,..,..,..,..,..,..,..,..,..
Electric power consumption (kWh per capita),EG.USE.ELEC.KH.PC,Gabon,GAB,875.020287768769,873.588219038875,921.424672242533,931.887813457435,894.443564179198,908.769479371517,919.040902679831,941.90411633877,1031.42318525769,1118.53695366461
Electric power consumption (kWh per capita),EG.USE.ELEC.KH.PC,"Gambia, The",GMB,..,..,..,..,..,..,..,..,..,..
Electric power consumption (kWh per capita),EG.USE.ELEC.KH.PC,Georgia,GEO,1814.45965971879,1916.47902904546,1829.97690768098,1881.53721148442,1833.04456065262,2049.54452365453,2289.13484865062,2329.92587038339,2498.34035744989,2693.97276022513
Electric power consumption (kWh per capita),EG.USE.ELEC.KH.PC,Germany,DEU,7108.96252447699,7138.22148529185,7229.08991294766,7187.76400909623,6817.15839823657,7264.32259073555,7281.27217417162,7270.15252302734,7217.52908915495,7035.48297471676
Electric power consumption (kWh per capita),EG.USE.ELEC.KH.PC,Ghana,GHA,210.622956423233,235.409678404865,233.715421421678,253.102769878279,251.976272307836,268.859259020598,305.312448043747,331.21407457276,363.407195128229,339.19274255207
Electric power consumption (kWh per capita),EG.USE.ELEC.KH.PC,Gibraltar,GIB,4596.74049310489,4836.22020236666,5000.66675556741,5296.40107901836,5483.63022810604,5501.88727528629,5236.42787293776,5317.16417910448,5646.23121779643,5916.43042031308
Electric power consumption (kWh per capita),EG.USE.ELEC.KH.PC,Greece,GRC,5200.02435386272,5297.20002541112,5701.33085359398,5805.19254609269,5627.88370630926,5333.43955553561,5389.33312225532,5534.89715854516,5028.99579406178,5062.60642155232
Electric power consumption (kWh per capita),EG.USE.ELEC.KH.PC,Greenland,GRL,..,..,..,..,..,..,..,..,..,..
Electric power consumption (kWh per capita),EG.USE.ELEC.KH.PC,Grenada,GRD,..,..,..,..,..,..,..,..,..,..
Electric power consumption (kWh per capita),EG.USE.ELEC.KH.PC,Guam,GUM,..,..,..,..,..,..,..,..,..,..
Electric power consumption (kWh per capita),EG.USE.ELEC.KH.PC,Guatemala,GTM,486.906435428558,486.164507257019,552.496149555944,540.857288279409,549.921108213531,556.043060412196,550.28693631484,550.265993466894,578.902618927796,601.189731088787
Electric power consumption (kWh per capita),EG.USE.ELEC.KH.PC,Guinea,GIN,..,..,..,..,..,..,..,..,..,..
Electric power consumption (kWh per capita),EG.USE.ELEC.KH.PC,Guinea-Bissau,GNB,..,..,..,..,..,..,..,..,..,..
Electric power consumption (kWh per capita),EG.USE.ELEC.KH.PC,Guyana,GUY,..,..,..,..,..,..,..,..,..,..
Electric power consumption (kWh per capita),EG.USE.ELEC.KH.PC,Haiti,HTI,28.5666812736142,37.6430821233771,25.6877687795104,23.9158321451133,36.174400897454,24.7894925062583,31.7450367237836,46.7921229764262,44.4392208869016,39.5669151443328
Electric power consumption (kWh per capita),EG.USE.ELEC.KH.PC,Honduras,HND,531.597404829505,565.395744633599,625.657615621098,646.277970869847,614.813860844995,608.098537759085,653.058554684347,625.656322125771,631.53851330321,608.139094371224
Electric power consumption (kWh per capita),EG.USE.ELEC.KH.PC,"Hong Kong SAR, China",HKG,5782.56062504607,5878.44184817707,5907.34930526438,5883.03774181494,5950.83754015604,5973.34927820962,5959.89592171503,6031.24431826128,5941.16090208806,6083.2699356802
Electric power consumption (kWh per capita),EG.USE.ELEC.KH.PC,Hungary,HUN,3680.16846694408,3771.36461398831,3976.51897714548,3988.76769393042,3773.15380662799,3876.49108407051,3898.82314267127,3923.04232446356,3892.11370127125,3965.95823348335
Electric power consumption (kWh per capita),EG.USE.ELEC.KH.PC,Iceland,ISL,28215.4522484028,27988.0296831506,36852.5448861557,50063.9543309369,51259.1876269627,51439.9086910178,52373.8770085325,53202.8336596865,54799.174707503,53832.4790919587
Electric power consumption (kWh per capita),EG.USE.ELEC.KH.PC,India,IND,448.972015525718,465.176677304081,538.786595949405,558.426753458539,595.605655832676,637.125844225376,692.779356959802,718.295946185698,758.110675158719,797.349232010839
Electric power consumption (kWh per capita),EG.USE.ELEC.KH.PC,Indonesia,IDN,468.804366956429,495.146210524008,540.376924912367,564.15041719758,588.124475169337,630.298386000833,674.82073844874,728.183348836523,769.496766763274,808.418972064685
Electric power consumption (kWh per capita),EG.USE.ELEC.KH.PC,"Iran, Islamic Rep.",IRN,2006.30815870464,2067.10797836854,2275.93092632466,2383.0036429876,2458.7244123379,2603.09095242641,2621.51180886057,2720.35555739025,2759.48200566798,2927.79020428687
Electric power consumption (kWh per capita),EG.USE.ELEC.KH.PC,Iraq,IRQ,1135.57769661654,784.739815944174,761.595410497937,747.440455376361,825.612168626011,1176.78385088698,1247.14077226552,1074.60783281062,1334.17695832793,1243.84675890659
Electric power consumption (kWh per capita),EG.USE.ELEC.KH.PC,Ireland,IRL,6168.3989875836,6241.71557392773,6218.31340354112,6340.73304549415,5947.90948929251,5927.86867990233,5657.53815868879,5651.00848281771,5698.75617887909,5672.06413410796
Electric power consumption (kWh per capita),EG.USE.ELEC.KH.PC,Isle of Man,IMN,..,..,..,..,..,..,..,..,..,..
Electric power consumption (kWh per capita),EG.USE.ELEC.KH.PC,Israel,ISR,6525.92157438684,6572.19953536024,7003.24508015209,7134.00284588441,6607.88714331517,6953.27666719135,6930.0007726184,7184.50161178181,6710.09367826788,6600.8982801222
Electric power consumption (kWh per capita),EG.USE.ELEC.KH.PC,Italy,ITA,5687.99757345572,5731.1015568122,5804.32596356739,5757.9606114778,5368.39056667135,5493.71103670054,5514.80361496787,5397.74147734024,5159.18365503785,5002.40667987736
Electric power consumption (kWh per capita),EG.USE.ELEC.KH.PC,Jamaica,JAM,2434.66275078603,2453.61828378964,1974.66256926035,1190.54073342178,1255.14206026225,1250.23044036789,1239.90912431099,1068.54911032145,1044.30771161385,1084.91770462873
Electric power consumption (kWh per capita),EG.USE.ELEC.KH.PC,Japan,JPN,8393.25772340542,8539.01058909159,8710.0257029242,8270.00773057011,8020.27380571196,8594.90903412197,8099.59869517261,7998.34677071825,7988.58331044764,7819.71463590936
Electric power consumption (kWh per capita),EG.USE.ELEC.KH.PC,Jordan,JOR,1565.31776402491,1602.52628583363,1724.58085378493,1826.35789951051,1842.34391216096,1933.27098774854,1990.30095724601,2151.31651835316,2052.9411107273,1921.10765202137
Electric power consumption (kWh per capita),EG.USE.ELEC.KH.PC,Kazakhstan,KAZ,3859.19281603178,4012.07391891836,4487.28613026757,4658.57189779157,4447.32440338929,4728.01159082733,4892.73489566655,5180.65351007528,5345.46842658626,5600.20846486508
Electric power consumption (kWh per capita),EG.USE.ELEC.KH.PC,Kenya,KEN,128.909552229437,130.959983550489,141.888933696382,141.016531164309,141.659327699398,149.670401160752,150.603455215256,152.564368967836,163.599298880559,167.438098686933
Electric power consumption (kWh per capita),EG.USE.ELEC.KH.PC,Kiribati,KIR,..,..,..,..,..,..,..,..,..,..
Electric power consumption (kWh per capita),EG.USE.ELEC.KH.PC,"Korea, Dem. People's Rep.",PRK,772.47710022953,800.423816755682,743.990127319575,798.437307345889,723.592680986346,738.826809136273,653.088194061045,650.681037312704,617.275087064665,600.052590667461
Electric power consumption (kWh per capita),EG.USE.ELEC.KH.PC,"Korea, Rep.",KOR,7390.7941470371,7796.31467432068,8462.20654257597,8772.28746321352,8877.57493307098,9716.12608051578,10129.9570868187,10305.3289817402,10384.6221649164,10496.5136719641
Electric power consumption (kWh per capita),EG.USE.ELEC.KH.PC,Kosovo,XKX,2111.31852105628,2169.09566298116,2395.8638609349,2644.52612850188,2558.08487664308,2649.68913317715,2946.95700725851,2859.82117263736,2917.30400188767,2818.33723068165
Electric power consumption (kWh per capita),EG.USE.ELEC.KH.PC,Kuwait,KWT,17050.5335315241,17342.2868270285,17074.5688972538,17063.8228847989,16669.7072132496,17033.6174081559,16023.4745890754,15837.2127071229,14694.5661587301,15297.8107095309
Electric power consumption (kWh per capita),EG.USE.ELEC.KH.PC,Kyrgyz Republic,KGZ,1417.90898583658,1374.30751946694,1456.22959532306,1378.72036399872,1323.72336670815,1371.72121367867,1649.25833242665,1809.10258239406,1887.02007133366,1941.22183189101
Electric power consumption (kWh per capita),EG.USE.ELEC.KH.PC,Lao PDR,LAO,..,..,..,..,..,..,..,..,..,..
Electric power consumption (kWh per capita),EG.USE.ELEC.KH.PC,Latvia,LVA,2607.4599601789,2777.38198024923,3169.07729539954,3213.1214400075,3026.61148851667,3229.95106206989,3264.05332015348,3587.93286598611,3472.54138455477,3507.40452065472
Electric power consumption (kWh per capita),EG.USE.ELEC.KH.PC,Lebanon,LBN,2404.91545307912,2413.50286579236,2375.6613844621,2495.08297813268,2653.33100390113,3020.13691500861,3040.00589884433,2660.50664528014,2880.51227264107,2583.3784642278
Electric power consumption (kWh per capita),EG.USE.ELEC.KH.PC,Lesotho,LSO,..,..,..,..,..,..,..,..,..,..
Electric power consumption (kWh per capita),EG.USE.ELEC.KH.PC,Liberia,LBR,..,..,..,..,..,..,..,..,..,..
Electric power consumption (kWh per capita),EG.USE.ELEC.KH.PC,Libya,LBY,3118.55886255678,3404.77006967814,3716.63804413092,3070.46626966606,3030.56936497662,3209.34049785674,2866.29309135616,2400.05315279555,2450.53607878473,1889.54508570683
Electric power consumption (kWh per capita),EG.USE.ELEC.KH.PC,Liechtenstein,LIE,..,..,..,..,..,..,..,..,..,..
Electric power consumption (kWh per capita),EG.USE.ELEC.KH.PC,Lithuania,LTU,3196.8493444771,3187.03107994876,3564.20678526931,3733.62649539699,3622.29031691009,3470.78503022973,3529.91877785355,3607.70379811318,3663.6711973436,3821.1451704374
Electric power consumption (kWh per capita),EG.USE.ELEC.KH.PC,Luxembourg,LUX,16300.1124220959,15644.1467200392,16352.321804693,15937.7877826665,14425.9647276022,16829.9625409062,15586.084225432,14703.9435272137,14193.1684334511,13914.6784488756
Electric power consumption (kWh per capita),EG.USE.ELEC.KH.PC,"Macao SAR, China",MAC,..,..,..,..,..,..,..,..,..,..
Electric power consumption (kWh per capita),EG.USE.ELEC.KH.PC,Madagascar,MDG,..,..,..,..,..,..,..,..,..,..
Electric power consumption (kWh per capita),EG.USE.ELEC.KH.PC,Malawi,MWI,..,..,..,..,..,..,..,..,..,..
Electric power consumption (kWh per capita),EG.USE.ELEC.KH.PC,Malaysia,MYS,2967.56274472041,2847.91395741692,3227.9289211181,3235.21697425447,3874.72833949104,4071.94426328459,4027.66804825074,4251.95881944472,4420.46965822612,4539.49932594293
Electric power consumption (kWh per capita),EG.USE.ELEC.KH.PC,Maldives,MDV,..,..,..,..,..,..,..,..,..,..
Electric power consumption (kWh per capita),EG.USE.ELEC.KH.PC,Mali,MLI,..,..,..,..,..,..,..,..,..,..
Electric power consumption (kWh per capita),EG.USE.ELEC.KH.PC,Malta,MLT,4797.29258251343,4912.90975995087,4873.08346692106,4836.59396305135,4434.18663343653,4767.09737809644,4867.05679994619,5002.04748254878,4915.87376486911,4924.54401944044
Electric power consumption (kWh per capita),EG.USE.ELEC.KH.PC,Marshall Islands,MHL,..,..,..,..,..,..,..,..,..,..
Electric power consumption (kWh per capita),EG.USE.ELEC.KH.PC,Mauritania,MRT,..,..,..,..,..,..,..,..,..,..
Electric power consumption (kWh per capita),EG.USE.ELEC.KH.PC,Mauritius,MUS,1614.24664804263,1683.69083267793,1816.67110347442,1881.64977522283,1907.12256970136,1995.36148432502,2025.70416574843,2075.03571195383,2148.32841140489,2182.50915591141
Electric power consumption (kWh per capita),EG.USE.ELEC.KH.PC,Mexico,MEX,1937.62494310377,2007.04835991881,2063.93226158251,2067.79465417394,2020.71279466653,2046.82382987634,2246.91125042215,2283.07135491459,2172.17588786206,2186.37582152033
Electric power consumption (kWh per capita),EG.USE.ELEC.KH.PC,"Micronesia, Fed. Sts.",FSM,..,..,..,..,..,..,..,..,..,..
Electric power consumption (kWh per capita),EG.USE.ELEC.KH.PC,Moldova,MDA,2440.24305055588,2548.29983540932,2484.43185625434,2524.02283437203,2166.33108952109,2144.03948638079,1829.62276003173,1884.75151766024,1683.47695692831,1725.09417159613
Electric power consumption (kWh per capita),EG.USE.ELEC.KH.PC,Monaco,MCO,..,..,..,..,..,..,..,..,..,..
Electric power consumption (kWh per capita),EG.USE.ELEC.KH.PC,Mongolia,MNG,1176.54058454287,1235.90654311509,1326.73585752154,1422.61228367048,1381.47599685455,1498.23128043456,1510.23820509064,1606.53270776683,1918.35026095257,2032.15972865035
Electric power consumption (kWh per capita),EG.USE.ELEC.KH.PC,Montenegro,MNE,..,6314.90522758241,6564.6437994723,6287.18784898431,5010.5613187254,5419.51606966427,5741.20394336851,5415.71798949728,4574.96454482966,4612.34139045689
Electric power consumption (kWh per capita),EG.USE.ELEC.KH.PC,Morocco,MAR,613.955424219091,634.958669359542,715.693742503234,731.247221431256,743.066860070024,773.051112333287,822.764638103455,873.946159243796,879.139031853096,902.956538110474
Electric power consumption (kWh per capita),EG.USE.ELEC.KH.PC,Mozambique,MOZ,453.834339092446,457.322639415126,468.315777913812,452.174035643197,452.830323229928,462.300773914985,462.533891971022,467.011665613277,456.562759994552,483.472602937535
Electric power consumption (kWh per capita),EG.USE.ELEC.KH.PC,Myanmar,MMR,82.5967121945659,76.7740306644782,91.628459415559,96.4713643809007,101.865038066473,127.351167787937,158.089679021319,159.723016672148,189.779193921759,220.39285535548
Electric power consumption (kWh per capita),EG.USE.ELEC.KH.PC,Namibia,NAM,1429.81923331164,1502.39573276817,1602.29322313984,1642.83275579921,1593.38929619584,1601.03197729116,1629.19609443147,1681.68417555952,1714.66675134157,1674.98810745069
Electric power consumption (kWh per capita),EG.USE.ELEC.KH.PC,Nauru,NRU,..,..,..,..,..,..,..,..,..,..
Electric power consumption (kWh per capita),EG.USE.ELEC.KH.PC,Nepal,NPL,72.7581351536198,75.4799960890405,86.5474978994825,82.807743483782,96.4223069122029,101.982334082566,114.866653275337,119.389577154535,134.324000225699,143.506838113581
Electric power consumption (kWh per capita),EG.USE.ELEC.KH.PC,Netherlands,NLD,6882.97022088311,6912.37208536246,7157.37857667485,7173.04629878655,6856.28189731542,7006.27382053053,7060.05376840719,6876.58975293409,6833.91143479292,6712.774758245
Electric power consumption (kWh per capita),EG.USE.ELEC.KH.PC,New Caledonia,NCL,..,..,..,..,..,..,..,..,..,..
Electric power consumption (kWh per capita),EG.USE.ELEC.KH.PC,New Zealand,NZL,9666.2996941896,9673.67377053146,9640.60798333254,9556.31719799052,9403.84883558778,9601.90314202312,9458.48540145985,9360.94916177038,9089.61977443101,9012.73109708845
Electric power consumption (kWh per capita),EG.USE.ELEC.KH.PC,Nicaragua,NIC,390.997550602714,411.20667434448,457.070259884479,470.133676902477,475.337306665692,503.779714037557,524.858591921688,564.785601184093,581.104716671414,562.277690122661
Electric power consumption (kWh per capita),EG.USE.ELEC.KH.PC,Niger,NER,32.9171680612199,36.0874792253404,38.5289900108559,38.6925414950009,42.0877651490234,43.7301768795551,46.9244196299833,48.9016429225426,47.8738258247285,50.8465459502559
Electric power consumption (kWh per capita),EG.USE.ELEC.KH.PC,Nigeria,NGA,122.33391047445,127.830505419425,137.079019797075,125.480283150088,118.885723583904,134.34990183119,147.784640073268,154.172314046176,140.311016916457,142.129222071326
Electric power consumption (kWh per capita),EG.USE.ELEC.KH.PC,North Macedonia,MKD,3181.23494497536,3413.10500747476,3660.28091187972,3712.93537831392,3452.04081980971,3601.45284388741,3909.08309242623,3704.43328720784,3571.1655633246,3513.95497204072
Electric power consumption (kWh per capita),EG.USE.ELEC.KH.PC,Northern Mariana Islands,MNP,..,..,..,..,..,..,..,..,..,..
Electric power consumption (kWh per capita),EG.USE.ELEC.KH.PC,Norway,NOR,24214.1069838041,25083.2145326781,24855.00046399,24866.1343077867,23859.7095797111,24890.9240104621,23510.3838252016,24070.9859157175,23806.8848810237,22999.9345951283
Electric power consumption (kWh per capita),EG.USE.ELEC.KH.PC,Oman,OMN,3793.25638808273,3917.79235939046,4474.03768661012,4971.27906608304,5599.55248065179,5826.68323898631,5934.75881466976,6111.30454163236,6122.86070616347,6474.50020165781
Electric power consumption (kWh per capita),EG.USE.ELEC.KH.PC,Pakistan,PAK,379.14751376249,408.717913114746,423.901074885886,389.642544230764,403.154329038249,408.00290461782,399.339912423564,396.269423664233,426.434399761696,419.684594254408
Electric power consumption (kWh per capita),EG.USE.ELEC.KH.PC,Palau,PLW,..,..,..,..,..,..,..,..,..,..
Electric power consumption (kWh per capita),EG.USE.ELEC.KH.PC,Panama,PAN,1435.5700085499,1465.87825043226,1582.05439189839,1636.49451431017,1648.61886027843,1754.32447744891,1833.45017748925,1963.58747671685,2025.87637077672,2070.82248913738
Electric power consumption (kWh per capita),EG.USE.ELEC.KH.PC,Papua New Guinea,PNG,..,..,..,..,..,..,..,..,..,..
Electric power consumption (kWh per capita),EG.USE.ELEC.KH.PC,Paraguay,PRY,872.178252261128,914.024376661302,1050.24109392511,1107.14546367961,1174.38195453492,1268.76252575792,1381.26013977901,1473.32864902499,1585.83947255019,1682.06686860226
Electric power consumption (kWh per capita),EG.USE.ELEC.KH.PC,Peru,PER,784.974183075296,821.323079075493,957.714313446178,1033.52804267556,1040.35509132477,1099.70819962742,1253.55688114424,1227.98335129941,1289.83143106639,1334.19204636655
Electric power consumption (kWh per capita),EG.USE.ELEC.KH.PC,Philippines,PHL,575.953661602652,576.736367720152,580.640916228878,582.35227888876,585.516785806131,633.390640206178,638.336435625297,658.568541229113,677.281118665199,690.765962556541
Electric power consumption (kWh per capita),EG.USE.ELEC.KH.PC,Poland,POL,3416.11863238342,3437.32399818737,3661.64610383478,3725.74877788007,3590.8320811579,3797.09229558691,3879.542093812,3899.17664227808,3938.25520772816,3971.79976131055
Electric power consumption (kWh per capita),EG.USE.ELEC.KH.PC,Portugal,PRT,4533.53969496543,4682.99101332625,4890.56018781815,4850.83741255711,4843.84969427758,4959.09430535983,4848.27933727111,4736.35177088695,4685.05478711273,4662.60079980294
Electric power consumption (kWh per capita),EG.USE.ELEC.KH.PC,Puerto Rico,PRI,..,..,..,..,..,..,..,..,..,..
Electric power consumption (kWh per capita),EG.USE.ELEC.KH.PC,Qatar,QAT,15832.7795224072,15761.5675554665,14671.7287946275,13907.3044852199,14060.3400415085,15393.6028162175,15971.3242259187,17116.904379585,15971.0066465209,16415.2515393108
Electric power consumption (kWh per capita),EG.USE.ELEC.KH.PC,Romania,ROU,2295.57050548981,2365.41956412583,2529.90688781899,2605.8197354887,2390.57474297148,2550.8632914192,2639.03343377907,2604.24313747583,2494.53391823023,2584.41178726443
Electric power consumption (kWh per capita),EG.USE.ELEC.KH.PC,Russian Federation,RUS,5633.84550039094,5770.10063642248,6286.04939176058,6399.68374911202,6095.38027602538,6409.89436516487,6485.759030014,6617.1341613974,6539.20737452554,6602.65747938354
Electric power consumption (kWh per capita),EG.USE.ELEC.KH.PC,Rwanda,RWA,..,..,..,..,..,..,..,..,..,..
Electric power consumption (kWh per capita),EG.USE.ELEC.KH.PC,Samoa,WSM,..,..,..,..,..,..,..,..,..,..
Electric power consumption (kWh per capita),EG.USE.ELEC.KH.PC,San Marino,SMR,..,..,..,..,..,..,..,..,..,..
Electric power consumption (kWh per capita),EG.USE.ELEC.KH.PC,Sao Tome and Principe,STP,..,..,..,..,..,..,..,..,..,..
Electric power consumption (kWh per capita),EG.USE.ELEC.KH.PC,Saudi Arabia,SAU,6210.34538020087,6457.38580331773,6622.89960768283,6796.86557227295,6990.53570701968,7435.0444678416,7514.49083934185,8043.07558515159,8385.61158647576,9047.68551300765
Electric power consumption (kWh per capita),EG.USE.ELEC.KH.PC,Senegal,SEN,141.793047392433,161.92735284681,186.010408800031,162.723115753493,194.587483145797,205.265376128451,206.277163191953,218.261521287338,218.306468447139,232.707825768766
Electric power consumption (kWh per capita),EG.USE.ELEC.KH.PC,Serbia,SRB,4258.25156833764,3921.90645886198,4159.13722524679,4291.84315793455,4224.39766544863,4358.81217362396,4489.57085049569,4386.5345515821,4444.22297076603,4271.7446669105
Electric power consumption (kWh per capita),EG.USE.ELEC.KH.PC,Seychelles,SYC,..,..,..,..,..,..,..,..,..,..
Electric power consumption (kWh per capita),EG.USE.ELEC.KH.PC,Sierra Leone,SLE,..,..,..,..,..,..,..,..,..,..
Electric power consumption (kWh per capita),EG.USE.ELEC.KH.PC,Singapore,SGP,8314.32532116821,8678.16816784434,8706.57906694396,8401.04839529561,8114.36744885739,8679.99335005275,8651.75527539466,8673.98521620115,8680.60636076487,8844.68759301201
Electric power consumption (kWh per capita),EG.USE.ELEC.KH.PC,Sint Maarten (Dutch part),SXM,..,..,..,..,..,..,..,..,..,..
Electric power consumption (kWh per capita),EG.USE.ELEC.KH.PC,Slovak Republic,SVK,5097.83555585338,4932.80328141323,5272.37078254061,5294.43509883286,4954.13825099705,5201.40489681027,5347.52622266219,5137.78901796904,5202.46728807607,5137.07383519398
Electric power consumption (kWh per capita),EG.USE.ELEC.KH.PC,Slovenia,SVN,6830.70507337963,6917.8604670693,7137.82417514897,6920.244039032,6104.42184491699,6510.84188436593,6753.07366418182,6718.97505248744,6779.28088650566,6727.99930164211
Electric power consumption (kWh per capita),EG.USE.ELEC.KH.PC,Solomon Islands,SLB,..,..,..,..,..,..,..,..,..,..
Electric power consumption (kWh per capita),EG.USE.ELEC.KH.PC,Somalia,SOM,..,..,..,..,..,..,..,..,..,..
Electric power consumption (kWh per capita),EG.USE.ELEC.KH.PC,South Africa,ZAF,4470.37817372003,4529.4149820674,4766.65237088321,4592.62871127235,4368.11798389858,4492.77503001308,4528.0500425936,4340.36798885796,4270.81040931056,4183.82749019812
Electric power consumption (kWh per capita),EG.USE.ELEC.KH.PC,South Sudan,SSD,..,..,..,..,..,..,..,39.1530092124508,40.068319636421,41.0227726328879
Electric power consumption (kWh per capita),EG.USE.ELEC.KH.PC,Spain,ESP,5892.30741093794,6111.21922344445,6054.37443809592,6025.77275684571,5652.59593296768,5706.56306279914,5599.37737439498,5573.40118151359,5409.41133797704,5355.98700558221
Electric power consumption (kWh per capita),EG.USE.ELEC.KH.PC,Sri Lanka,LKA,354.358373300092,400.102573611199,420.31960013797,426.391454276585,425.124685020127,459.684159374679,502.144864013504,524.308445532436,525.722613553558,531.090576571374
Electric power consumption (kWh per capita),EG.USE.ELEC.KH.PC,St. Kitts and Nevis,KNA,..,..,..,..,..,..,..,..,..,..
Electric power consumption (kWh per capita),EG.USE.ELEC.KH.PC,St. Lucia,LCA,..,..,..,..,..,..,..,..,..,..
Electric power consumption (kWh per capita),EG.USE.ELEC.KH.PC,St. Martin (French part),MAF,..,..,..,..,..,..,..,..,..,..
Electric power consumption (kWh per capita),EG.USE.ELEC.KH.PC,St. Vincent and the Grenadines,VCT,..,..,..,..,..,..,..,..,..,..
Electric power consumption (kWh per capita),EG.USE.ELEC.KH.PC,Sudan,SDN,87.1961445014229,102.977000076877,123.240034364862,134.070409762397,153.817414055506,179.342383400702,195.179354661167,217.350546328602,220.279103181755,263.517429349777
Electric power consumption (kWh per capita),EG.USE.ELEC.KH.PC,Suriname,SUR,2506.99215781516,2675.2159931812,2680.1983536195,2936.6705497642,2931.55205588283,2887.85525930267,3214.72943750385,3214.41433693298,3523.38074322587,3493.17689518012
Electric power consumption (kWh per capita),EG.USE.ELEC.KH.PC,Sweden,SWE,15420.9731416948,15430.9639482359,15257.9357531603,14869.3489776224,14143.0110076717,14934.3269646836,14030.1631469203,14289.5950931227,13870.3899085651,13480.148224391
Electric power consumption (kWh per capita),EG.USE.ELEC.KH.PC,Switzerland,CHE,8205.82911852766,8305.37110156291,8163.29557600551,8305.92304197027,8021.22360366594,8174.40816244636,7928.19066988289,7886.09430625342,7807.05881538508,7520.16602494502
Electric power consumption (kWh per capita),EG.USE.ELEC.KH.PC,Syrian Arab Republic,SYR,1377.7366929796,1479.96425011638,1478.96404410857,1500.18215000713,1472.15266076028,1744.01298834613,1551.42379262473,1233.19126072296,973.538065840798,908.468973455468
Electric power consumption (kWh per capita),EG.USE.ELEC.KH.PC,Tajikistan,TJK,2116.09591478215,2106.17615881902,2036.89532191557,1916.54810545301,1884.55768661205,1869.77344790501,1790.92153587643,1743.00328968619,1676.74252544979,1486.24583070513
Electric power consumption (kWh per capita),EG.USE.ELEC.KH.PC,Tanzania,TZA,77.7615132333125,77.6125359585522,79.7526216067471,84.299637954748,70.9769497123534,94.988914671735,85.940135639775,96.3040808257843,98.6729042560364,101.939302741467
Electric power consumption (kWh per capita),EG.USE.ELEC.KH.PC,Thailand,THA,1818.40269089668,1903.01446217459,2060.17787426874,2080.50889315552,2071.80990424141,2271.44996720325,2244.04909672931,2396.93660613471,2462.92674865758,2483.5571470213
Electric power consumption (kWh per capita),EG.USE.ELEC.KH.PC,Timor-Leste,TLS,..,..,..,..,..,..,..,..,..,..
Electric power consumption (kWh per capita),EG.USE.ELEC.KH.PC,Togo,TGO,105.476550963502,107.50058171121,100.206083898288,102.531433598362,121.276074355987,121.274739019653,131.729620286776,141.194100743001,141.284498430884,151.473927755992
Electric power consumption (kWh per capita),EG.USE.ELEC.KH.PC,Tonga,TON,..,..,..,..,..,..,..,..,..,..
Electric power consumption (kWh per capita),EG.USE.ELEC.KH.PC,Trinidad and Tobago,TTO,4453.51505908144,4871.17214177456,5359.38263840198,5389.85053880556,5389.70061897343,5828.56364904956,6006.25343305024,6217.24202780106,6434.93675771085,6661.10138757435
Electric power consumption (kWh per capita),EG.USE.ELEC.KH.PC,Tunisia,TUN,1007.45951434214,1054.16224183566,1121.03565131548,1159.32204659385,1243.54351391589,1332.43837139813,1288.19070298303,1367.59228675087,1382.08915811319,1408.09110339814
Electric power consumption (kWh per capita),EG.USE.ELEC.KH.PC,Turkiye,TUR,1870.23470874673,1990.40196877318,2318.08743801465,2392.06762982194,2285.71186472992,2462.06913841311,2668.5279155105,2746.00202591908,2732.2095739067,2815.04499310881
Electric power consumption (kWh per capita),EG.USE.ELEC.KH.PC,Turkmenistan,TKM,1867.5079754479,1996.61261519411,2184.92171178138,2241.92429809476,2274.86929538307,2300.31682033117,2328.00596775376,2343.97240945708,2452.29622875149,2585.66254269707
Electric power consumption (kWh per capita),EG.USE.ELEC.KH.PC,Turks and Caicos Islands,TCA,..,..,..,..,..,..,..,..,..,..
Electric power consumption (kWh per capita),EG.USE.ELEC.KH.PC,Tuvalu,TUV,..,..,..,..,..,..,..,..,..,..
Electric power consumption (kWh per capita),EG.USE.ELEC.KH.PC,Uganda,UGA,..,..,..,..,..,..,..,..,..,..
Electric power consumption (kWh per capita),EG.USE.ELEC.KH.PC,Ukraine,UKR,3151.14596916026,3246.03428358216,3528.92444971555,3534.35799226814,3227.9532614047,3549.84455123583,3662.44442807901,3640.5534825677,3600.22570409866,3418.56931705593
Electric power consumption (kWh per capita),EG.USE.ELEC.KH.PC,United Arab Emirates,ARE,12184.2898887372,13161.1988153216,12029.5459065658,11457.0909978057,10518.7970338726,10695.2899341423,10732.8046384897,10988.9602605618,11271.1065447099,11562.9885226842
Electric power consumption (kWh per capita),EG.USE.ELEC.KH.PC,United Kingdom,GBR,6138.75413718816,6270.98405949047,6102.39676772278,6015.72686068947,5643.1285945674,5700.85586444268,5471.93347456267,5449.25947267211,5409.62642171886,5130.39025330028
Electric power consumption (kWh per capita),EG.USE.ELEC.KH.PC,United States,USA,13388.5897105591,13704.5770481407,13657.4528282523,13663.4279681827,12913.7146883015,13394.9027551068,13245.8819278677,12964.1879389302,13004.0235689845,12993.9655794706
Electric power consumption (kWh per capita),EG.USE.ELEC.KH.PC,Uruguay,URY,1934.93815711927,2004.42178459851,2421.40134246576,2597.62371085505,2674.51638021671,2821.3494336273,2828.383909387,2953.30976262283,3008.71293453765,3093.17378913347
Electric power consumption (kWh per capita),EG.USE.ELEC.KH.PC,Uzbekistan,UZB,1765.48028463889,1717.20105476363,1664.06133690636,1652.6510101528,1643.14988079547,1653.46749572865,1631.5262070799,1610.80790609414,1637.19447677494,1645.44162925056
Electric power consumption (kWh per capita),EG.USE.ELEC.KH.PC,Vanuatu,VUT,..,..,..,..,..,..,..,..,..,..
Electric power consumption (kWh per capita),EG.USE.ELEC.KH.PC,"Venezuela, RB",VEN,2772.15092717496,2860.91023644309,2988.72697887314,3091.91366612666,3058.57562574723,3165.06809571659,3233.31337308131,3292.11393143757,3292.71167146105,2705.6040126574
Electric power consumption (kWh per capita),EG.USE.ELEC.KH.PC,Vietnam,VNM,488.37809209186,574.69083500963,733.734487452194,808.612511237366,912.538536654225,1028.94358436212,1109.32631052781,1213.07269278398,1283.71443977344,1431.16434146075
Electric power consumption (kWh per capita),EG.USE.ELEC.KH.PC,Virgin Islands (U.S.),VIR,..,..,..,..,..,..,..,..,..,..
Electric power consumption (kWh per capita),EG.USE.ELEC.KH.PC,West Bank and Gaza,PSE,..,..,..,..,..,..,..,..,..,..
Electric power consumption (kWh per capita),EG.USE.ELEC.KH.PC,"Yemen, Rep.",YEM,163.407787413221,173.212184550852,198.528916189351,215.954354502232,212.696105622114,238.482576707854,181.11440707406,180.869056942331,233.879318568091,204.516190216487
Electric power consumption (kWh per capita),EG.USE.ELEC.KH.PC,Zambia,ZMB,707.362504960654,710.167948277845,669.565483125281,589.358129477663,564.044971323584,582.580474048668,620.995058536442,719.311360087158,731.934201931135,701.940862991399
Electric power consumption (kWh per capita),EG.USE.ELEC.KH.PC,Zimbabwe,ZWE,845.82687718102,881.08119648716,748.319273466078,619.345425269915,578.399834066914,599.93281811646,629.827684089673,601.869640493705,619.235609190182,597.297021677566
Electric power consumption (kWh per capita),EG.USE.ELEC.KH.PC,Africa Eastern and Southern,AFE,771.962500591713,775.335359642843,790.664684399972,754.211033912204,717.769965376515,734.305770843244,734.822807511632,697.657989403853,691.95850673273,680.150341516024
Electric power consumption (kWh per capita),EG.USE.ELEC.KH.PC,Africa Western and Central,AFW,137.330140049936,143.552139705925,156.301209772065,152.381741782654,150.623901393509,162.667269595437,172.510603773753,182.722163501007,178.422404275738,183.440206477506
Electric power consumption (kWh per capita),EG.USE.ELEC.KH.PC,Arab World,ARB,1735.71581405369,1808.90636862146,1953.20955051219,2013.2238632927,2065.78206380334,2237.15332749955,2275.26699545843,2315.98135361723,2369.43790705928,2440.34965149254
Electric power consumption (kWh per capita),EG.USE.ELEC.KH.PC,Caribbean small states,CSS,3048.65680960755,3204.18538770468,3071.28608669041,2652.58680575768,2691.49509421841,2817.53382319831,2905.47407083219,2871.76160756312,2962.44823721353,3053.97464164602
Electric power consumption (kWh per capita),EG.USE.ELEC.KH.PC,Central Europe and the Baltics,CEB,3676.62645451899,3739.65346588294,3984.58899891276,4048.76548737702,3840.53602810483,4017.41224673893,4096.89408410952,4093.45935709746,4075.34293001873,4115.63020118839
Electric power consumption (kWh per capita),EG.USE.ELEC.KH.PC,Early-demographic dividend,EAR,810.422247715604,842.214187310341,916.761026028782,936.759030734815,951.279715732845,1004.80454411727,1054.38422709921,1080.84007954119,1105.28901641793,1135.90776218758
Electric power consumption (kWh per capita),EG.USE.ELEC.KH.PC,East Asia & Pacific,EAS,2112.31320458681,2258.80223776082,2642.57124935155,2696.30009007264,2791.0998532859,3071.40152446452,3268.76676729293,3381.78456498408,3567.22154164686,3661.13000909426
Electric power consumption (kWh per capita),EG.USE.ELEC.KH.PC,East Asia & Pacific (excluding high income),EAP,1323.54029388411,1467.35934653043,1863.20949411009,1952.14456413323,2079.86151318458,2327.98434846513,2573.73223116734,2708.88391139536,2919.77540891116,3033.60494385081
Electric power consumption (kWh per capita),EG.USE.ELEC.KH.PC,East Asia & Pacific (IDA & IBRD countries),TEA,1330.70316623347,1476.01418673465,1877.66540762154,1967.00454688214,2097.28426312961,2348.34048501652,2598.24560813453,2735.04052213318,2948.92767397303,3064.32521819802
Electric power consumption (kWh per capita),EG.USE.ELEC.KH.PC,Euro area,EMU,6741.21825831424,6784.59844461939,6861.00901020699,6853.55885805876,6495.91049038991,6772.78169176571,6643.47243764382,6636.71900138596,6536.4471959714,6352.36635959701
Electric power consumption (kWh per capita),EG.USE.ELEC.KH.PC,Europe & Central Asia,ECS,5295.35342115977,5374.53123844229,5548.29877576257,5579.56839859776,5292.0501232252,5525.67125075161,5487.30015638349,5519.8603332886,5457.6586705716,5369.36502045601
Electric power consumption (kWh per capita),EG.USE.ELEC.KH.PC,Europe & Central Asia (excluding high income),ECA,3712.97532005727,3804.32675606363,4108.53016000713,4178.39147287441,3960.3838712739,4173.913027882,4274.39595313775,4346.74823503857,4312.14013611384,4333.22890112714
Electric power consumption (kWh per capita),EG.USE.ELEC.KH.PC,Europe & Central Asia (IDA & IBRD countries),TEC,3614.18146657976,3699.61475652932,3991.5561247236,4063.46908924024,3854.25628684631,4064.61749600394,4162.67597605922,4225.10101340284,4194.10405124295,4219.75117535869
Electric power consumption (kWh per capita),EG.USE.ELEC.KH.PC,European Union,EUU,6241.93540208503,6295.17108814913,6405.32274568003,6409.01774726346,6082.27257683811,6350.11840515818,6247.45555888756,6247.72505428182,6160.3605952074,6021.52554654063
Electric power consumption (kWh per capita),EG.USE.ELEC.KH.PC,Fragile and conflict affected situations,FCS,643.435968081268,639.869665781255,661.8621157902,649.888523007076,621.218719430076,680.848337418801,682.280555002692,642.376917026474,642.15322694923,590.538274234204
Electric power consumption (kWh per capita),EG.USE.ELEC.KH.PC,Heavily indebted poor countries (HIPC),HPC,151.014141155721,157.157042684283,169.446237996473,168.964245991057,171.009109156296,180.701249154463,186.894620011088,199.715658624533,205.268397893711,211.439583723952
Electric power consumption (kWh per capita),EG.USE.ELEC.KH.PC,High income,HIC,8954.27419045954,9120.2132430186,9225.02521518382,9183.84891538443,8783.87415274347,9157.49037663733,9049.24367556026,8989.59937998612,8989.36911868839,8930.52268614894
Electric power consumption (kWh per capita),EG.USE.ELEC.KH.PC,IBRD only,IBD,1422.67413926404,1506.04623258898,1749.37340855387,1805.43836740191,1846.1074965223,2005.69414637262,2150.94971069451,2225.89616011393,2328.1184221826,2389.56205804027
Electric power consumption (kWh per capita),EG.USE.ELEC.KH.PC,IDA & IBRD total,IBT,1199.07575174255,1265.84345845942,1457.8829693223,1497.96749292373,1527.97850722569,1654.91546252928,1766.97620794794,1819.6214109971,1898.02455612504,1943.38028989588
Electric power consumption (kWh per capita),EG.USE.ELEC.KH.PC,IDA blend,IDB,363.365204305809,374.002312469677,377.18880826832,353.629050465554,354.210755139946,363.182578375705,363.349580197444,361.492154149113,371.3637852297,369.385438988189
Electric power consumption (kWh per capita),EG.USE.ELEC.KH.PC,IDA only,IDX,212.682873843029,221.388346987644,238.524851435751,239.348739314327,243.333934380041,265.697968176915,269.56021529601,267.699149033806,269.207765324092,272.179784128897
Electric power consumption (kWh per capita),EG.USE.ELEC.KH.PC,IDA total,IDA,272.515088256613,282.037611910229,293.717698263095,284.916863879156,287.657288007824,304.766067811962,307.220321665064,305.063891735059,309.931395063289,310.950754632882
Electric power consumption (kWh per capita),EG.USE.ELEC.KH.PC,Late-demographic dividend,LTE,1986.42706523814,2134.05034587148,2554.92921333191,2655.92317741344,2738.50732842136,3009.24043415823,3245.64977760383,3386.57577438679,3578.82053199529,3693.10073936514
Electric power consumption (kWh per capita),EG.USE.ELEC.KH.PC,Latin America & Caribbean,LCN,1701.31601502697,1754.77924579803,1864.64358234784,1918.95575580631,1900.16222062958,1991.94223498346,2082.12324502762,2134.22255868697,2155.93067241301,2161.24026249066
Electric power consumption (kWh per capita),EG.USE.ELEC.KH.PC,Latin America & Caribbean (excluding high income),LAC,1591.10250584882,1642.31627134187,1743.5760106991,1796.23898839778,1777.93127029641,1870.04503477461,1955.84886020343,2001.37444248652,2021.67485592851,2058.23100767946
Electric power consumption (kWh per capita),EG.USE.ELEC.KH.PC,Latin America & the Caribbean (IDA & IBRD countries),TLA,1710.87587587308,1765.76397804077,1874.73892003053,1929.70751773147,1910.15351191531,2004.28192230058,2095.54520178995,2148.19666179165,2169.10604506877,2174.09136015607
Electric power consumption (kWh per capita),EG.USE.ELEC.KH.PC,Least developed countries: UN classification,LDC,123.777305496063,129.731986941267,145.244472660861,146.313990642487,154.210072963407,168.340363899619,176.01576619269,185.429868165202,198.755657560919,209.617307230022
Electric power consumption (kWh per capita),EG.USE.ELEC.KH.PC,Low & middle income,LMY,1158.5710651856,1225.49363953099,1416.8118995187,1456.61084625594,1489.22131006406,1615.42858814378,1726.95969575525,1779.72080940287,1859.37575144322,1908.066546569
Electric power consumption (kWh per capita),EG.USE.ELEC.KH.PC,Low income,LIC,..,..,..,..,..,..,..,..,..,..
Electric power consumption (kWh per capita),EG.USE.ELEC.KH.PC,Lower middle income,LMC,529.067263546944,549.893321627458,608.237637627319,621.848423899194,641.789509181258,684.891749657683,723.70859596168,747.959834439996,776.489649137113,804.85419753746
Electric power consumption (kWh per capita),EG.USE.ELEC.KH.PC,Middle East & North Africa,MEA,2027.4502172988,2102.29984910584,2274.39878412419,2348.35770886406,2396.3346861328,2577.90520059568,2612.37367036314,2669.6030327806,2714.1971387561,2803.27345825411
Electric power consumption (kWh per capita),EG.USE.ELEC.KH.PC,Middle East & North Africa (excluding high income),MNA,1256.34177613393,1280.32630407992,1385.59373853492,1420.32476301733,1452.79142301093,1576.46318838863,1601.92901955619,1591.52964067361,1621.64388829392,1642.15827349031
Electric power consumption (kWh per capita),EG.USE.ELEC.KH.PC,Middle East & North Africa (IDA & IBRD countries),TMN,1256.34177613393,1280.32630407992,1385.59373853492,1420.32476301733,1452.79142301093,1576.46318838863,1601.92901955619,1591.52964067361,1621.64388829392,1642.15827349031
Electric power consumption (kWh per capita),EG.USE.ELEC.KH.PC,Middle income,MIC,1208.90028406825,1279.70627316723,1484.05502378884,1527.21369613386,1563.34132457983,1696.95896620029,1818.06437135526,1879.92390187525,1967.11440129606,2020.60904420731
Electric power consumption (kWh per capita),EG.USE.ELEC.KH.PC,North America,NAC,13769.8313364355,14023.6791056412,13955.2848149585,13930.9150971958,13164.351992699,13580.5941928541,13483.9937657884,13200.4450224091,13278.457251226,13253.8214702843
Electric power consumption (kWh per capita),EG.USE.ELEC.KH.PC,Not classified,INX,..,..,..,..,..,..,..,..,..,..
Electric power consumption (kWh per capita),EG.USE.ELEC.KH.PC,OECD members,OED,7905.91796497139,8036.9606848313,8120.18269660203,8079.37363473692,7712.47766605378,8021.33929679455,7937.03003391567,7866.4768571795,7843.19303121537,7755.53202061018
Electric power consumption (kWh per capita),EG.USE.ELEC.KH.PC,Other small states,OSS,..,..,..,..,..,..,..,..,..,..
Electric power consumption (kWh per capita),EG.USE.ELEC.KH.PC,Pacific island small states,PSS,..,..,..,..,..,..,..,..,..,..
Electric power consumption (kWh per capita),EG.USE.ELEC.KH.PC,Post-demographic dividend,PST,9061.33926161057,9225.46995691788,9318.51647704442,9271.53316724046,8847.86009838594,9223.91029922779,9102.6610737664,9014.47480204522,9003.64264177719,8898.94095091564
Electric power consumption (kWh per capita),EG.USE.ELEC.KH.PC,Pre-demographic dividend,PRE,203.555738432644,186.434409197373,194.33403899354,189.663666782588,194.787782363856,226.698155058604,236.368511414583,233.614158108161,250.423591458604,252.867906032579
Electric power consumption (kWh per capita),EG.USE.ELEC.KH.PC,Small states,SST,..,..,..,..,..,..,..,..,..,..
Electric power consumption (kWh per capita),EG.USE.ELEC.KH.PC,South Asia,SAS,406.586694934734,423.990444636275,485.28396318492,496.553335393621,528.484754631861,563.093273174626,606.730006499505,627.700123285917,663.54745301252,694.415489935625
Electric power consumption (kWh per capita),EG.USE.ELEC.KH.PC,South Asia (IDA & IBRD),TSA,406.586694934734,423.990444636275,485.28396318492,496.553335393621,528.484754631861,563.093273174626,606.730006499505,627.700123285917,663.54745301252,694.415489935625
Electric power consumption (kWh per capita),EG.USE.ELEC.KH.PC,Sub-Saharan Africa,SSF,516.162452031346,520.375556430284,534.246870301078,510.791858863258,488.193087500692,502.705885055721,506.849114188997,491.829592355195,486.708106422407,481.640272354772
Electric power consumption (kWh per capita),EG.USE.ELEC.KH.PC,Sub-Saharan Africa (excluding high income),SSA,516.162452031346,520.375556430284,534.246870301078,510.791858863258,488.193087500692,502.705885055721,506.849114188997,491.829592355195,486.708106422407,481.640272354772
Electric power consumption (kWh per capita),EG.USE.ELEC.KH.PC,Sub-Saharan Africa (IDA & IBRD countries),TSS,516.162452031346,520.375556430284,534.246870301078,510.791858863258,488.193087500692,502.705885055721,506.849114188997,491.829592355195,486.708106422407,481.640272354772
Electric power consumption (kWh per capita),EG.USE.ELEC.KH.PC,Upper middle income,UMC,2008.19761186317,2145.50199958078,2542.34678744522,2630.78997330178,2696.20842789717,2952.40778764001,3187.23402481513,3306.34612437284,3477.53090114575,3572.99704589235
Electric power consumption (kWh per capita),EG.USE.ELEC.KH.PC,World,WLD,2562.8787240786,2639.86826042761,2804.25231060247,2825.22800923636,2775.9290089489,2938.57876320184,3002.57966162167,3026.31504043339,3084.5322513629,3105.17871562634
,,,,,,,,,,,,,
,,,,,,,,,,,,,
,,,,,,,,,,,,,
Data from database: World Development Indicators,,,,,,,,,,,,,
Last Updated: 03/30/2023,,,,,,,,,,,,,
